-- Datos de prueba para la tabla de inventario con artículos de oficina
INSERT INTO inventario (sku, nombre, cantidad) VALUES 
(1000, 'Lápiz #2', 500),
(1001, 'Bolígrafo negro', 350),
(1002, 'Bolígrafo azul', 400),
(1003, 'Bolígrafo rojo', 250),
(1004, 'Cuaderno profesional', 200),
(1005, 'Bloc de notas', 150),
(1006, 'Carpeta de anillos 1"', 100),
(1007, 'Carpeta de anillos 2"', 80),
(1008, 'Folder tamaño carta', 300),
(1009, 'Folder tamaño oficio', 250),
(1010, 'Engrapadora', 50),
(1011, 'Grapas (caja)', 120),
(1012, 'Clips (caja)', 180),
(1013, 'Clips mariposa (caja)', 90),
(1014, 'Marcatextos amarillo', 150),
(1015, 'Marcatextos verde', 120),
(1016, 'Marcatextos rosa', 100),
(1017, 'Post-it pequeños', 200),
(1018, 'Post-it medianos', 150),
(1019, 'Post-it grandes', 100),
(1020, 'Tijeras', 70),
(1021, 'Pegamento en barra', 120),
(1022, 'Pegamento líquido', 80),
(1023, 'Cinta adhesiva transparente', 90),
(1024, 'Cinta adhesiva masking tape', 70),
(1025, 'Papel bond tamaño carta (resma)', 50),
(1026, 'Papel bond tamaño oficio (resma)', 40),
(1027, 'Archivador tamaño carta', 60),
(1028, 'Archivador tamaño oficio', 50),
(1029, 'Saca grapas', 45),
(1030, 'Perforadora', 40),
(1031, 'Regla 30 cm', 100),
(1032, 'Calculadora básica', 30),
(1033, 'Calculadora científica', 20),
(1034, 'Portalápices', 35),
(1035, 'Pizarrón blanco pequeño', 15),
(1036, 'Marcador para pizarrón negro', 80),
(1037, 'Marcador para pizarrón azul', 80),
(1038, 'Marcador para pizarrón rojo', 60),
(1039, 'Borrador para pizarrón', 25),
(1040, 'Borrador de goma', 200),
(1041, 'Corrector líquido', 120),
(1042, 'Cinta correctora', 150),
(1043, 'Sacapuntas manual', 80),
(1044, 'Sacapuntas eléctrico', 10),
(1045, 'Charola para documentos', 40),
(1046, 'Tarjetero', 25),
(1047, 'Porta clips', 30),
(1048, 'Separadores plásticos', 100),
(1049, 'Etiquetas adhesivas (paquete)', 60);

-- Datos de prueba para la tabla de empleados
INSERT INTO empleado (id_empleado, nombre, apellido, puesto) VALUES 
(101, 'Juan', 'Pérez', 'Gerente de Almacén'),
(102, 'María', 'García', 'Auxiliar de Almacén'),
(103, 'Carlos', 'Rodríguez', 'Auxiliar de Almacén'),
(104, 'Ana', 'Martínez', 'Supervisor de Inventario'),
(105, 'Roberto', 'López', 'Auxiliar de Oficina'),
(106, 'Laura', 'Hernández', 'Gerente de Oficina'),
(107, 'Miguel', 'Sánchez', 'Contador'),
(108, 'Sofía', 'Ramírez', 'Auxiliar Contable'),
(109, 'Javier', 'Torres', 'Gerente de Recursos Humanos'),
(110, 'Daniela', 'Flores', 'Auxiliar de Recursos Humanos');

-- Datos de prueba para la tabla de pólizas
INSERT INTO polizas (id_poliza, empleado_genero, sku, cantidad, fecha) VALUES 
(1, 105, 1000, 5, NOW() - INTERVAL '7 days'),
(2, 108, 1004, 2, NOW() - INTERVAL '6 days'),
(3, 107, 1010, 1, NOW() - INTERVAL '5 days'),
(4, 106, 1015, 3, NOW() - INTERVAL '4 days'),
(5, 109, 1025, 1, NOW() - INTERVAL '3 days'),
(6, 102, 1036, 4, NOW() - INTERVAL '2 days'),
(7, 103, 1042, 2, NOW() - INTERVAL '1 day'),
(8, 110, 1017, 5, NOW()),
(9, 104, 1031, 3, NOW()),
(10, 105, 1021, 2, NOW());
